physical_scenario_id,seed,offset_ms,dropout_fraction,repeat_count,purpose
s20260801-neg20-drop00,20260801,-20.0,0.00,2,canonical-factorial-deterministic-replay
s20260801-neg20-drop05,20260801,-20.0,0.05,2,canonical-factorial-deterministic-replay
s20260801-neg20-drop10,20260801,-20.0,0.10,2,canonical-factorial-deterministic-replay
s20260801-neg20-drop15,20260801,-20.0,0.15,2,canonical-factorial-deterministic-replay
s20260801-neg20-drop20,20260801,-20.0,0.20,2,canonical-factorial-deterministic-replay
s20260801-neg10-drop00,20260801,-10.0,0.00,2,canonical-factorial-deterministic-replay
s20260801-neg10-drop05,20260801,-10.0,0.05,2,canonical-factorial-deterministic-replay
s20260801-neg10-drop10,20260801,-10.0,0.10,2,canonical-factorial-deterministic-replay
s20260801-neg10-drop15,20260801,-10.0,0.15,2,canonical-factorial-deterministic-replay
s20260801-neg10-drop20,20260801,-10.0,0.20,2,canonical-factorial-deterministic-replay
s20260801-zero-drop00,20260801,0.0,0.00,2,canonical-factorial-deterministic-replay
s20260801-zero-drop05,20260801,0.0,0.05,2,canonical-factorial-deterministic-replay
s20260801-zero-drop10,20260801,0.0,0.10,2,canonical-factorial-deterministic-replay
s20260801-zero-drop15,20260801,0.0,0.15,2,canonical-factorial-deterministic-replay
s20260801-zero-drop20,20260801,0.0,0.20,2,canonical-factorial-deterministic-replay
s20260801-pos10-drop00,20260801,10.0,0.00,2,canonical-factorial-deterministic-replay
s20260801-pos10-drop05,20260801,10.0,0.05,2,canonical-factorial-deterministic-replay
s20260801-pos10-drop10,20260801,10.0,0.10,2,canonical-factorial-deterministic-replay
s20260801-pos10-drop15,20260801,10.0,0.15,2,canonical-factorial-deterministic-replay
s20260801-pos10-drop20,20260801,10.0,0.20,2,canonical-factorial-deterministic-replay
s20260801-pos20-drop00,20260801,20.0,0.00,2,canonical-factorial-deterministic-replay
s20260801-pos20-drop05,20260801,20.0,0.05,2,canonical-factorial-deterministic-replay
s20260801-pos20-drop10,20260801,20.0,0.10,2,canonical-factorial-deterministic-replay
s20260801-pos20-drop15,20260801,20.0,0.15,2,canonical-factorial-deterministic-replay
s20260801-pos20-drop20,20260801,20.0,0.20,2,canonical-factorial-deterministic-replay
s20260802-neg20-drop05,20260802,-20.0,0.05,1,statistical-seed-replication
s20260802-neg20-drop10,20260802,-20.0,0.10,1,statistical-seed-replication
s20260802-neg20-drop15,20260802,-20.0,0.15,1,statistical-seed-replication
s20260802-neg20-drop20,20260802,-20.0,0.20,1,statistical-seed-replication
s20260802-neg10-drop05,20260802,-10.0,0.05,1,statistical-seed-replication
s20260802-neg10-drop10,20260802,-10.0,0.10,1,statistical-seed-replication
s20260802-neg10-drop15,20260802,-10.0,0.15,1,statistical-seed-replication
s20260802-neg10-drop20,20260802,-10.0,0.20,1,statistical-seed-replication
s20260802-zero-drop05,20260802,0.0,0.05,1,statistical-seed-replication
s20260802-zero-drop10,20260802,0.0,0.10,1,statistical-seed-replication
s20260802-zero-drop15,20260802,0.0,0.15,1,statistical-seed-replication
s20260802-zero-drop20,20260802,0.0,0.20,1,statistical-seed-replication
s20260802-pos10-drop05,20260802,10.0,0.05,1,statistical-seed-replication
s20260802-pos10-drop10,20260802,10.0,0.10,1,statistical-seed-replication
s20260802-pos10-drop15,20260802,10.0,0.15,1,statistical-seed-replication
s20260802-pos10-drop20,20260802,10.0,0.20,1,statistical-seed-replication
s20260802-pos20-drop05,20260802,20.0,0.05,1,statistical-seed-replication
s20260802-pos20-drop10,20260802,20.0,0.10,2,statistical-seed-replication-and-determinism-audit
s20260802-pos20-drop15,20260802,20.0,0.15,1,statistical-seed-replication
s20260802-pos20-drop20,20260802,20.0,0.20,1,statistical-seed-replication
s20260803-neg20-drop05,20260803,-20.0,0.05,1,statistical-seed-replication
s20260803-neg20-drop10,20260803,-20.0,0.10,1,statistical-seed-replication
s20260803-neg20-drop15,20260803,-20.0,0.15,1,statistical-seed-replication
s20260803-neg20-drop20,20260803,-20.0,0.20,1,statistical-seed-replication
s20260803-neg10-drop05,20260803,-10.0,0.05,1,statistical-seed-replication
s20260803-neg10-drop10,20260803,-10.0,0.10,1,statistical-seed-replication
s20260803-neg10-drop15,20260803,-10.0,0.15,1,statistical-seed-replication
s20260803-neg10-drop20,20260803,-10.0,0.20,1,statistical-seed-replication
s20260803-zero-drop05,20260803,0.0,0.05,1,statistical-seed-replication
s20260803-zero-drop10,20260803,0.0,0.10,1,statistical-seed-replication
s20260803-zero-drop15,20260803,0.0,0.15,1,statistical-seed-replication
s20260803-zero-drop20,20260803,0.0,0.20,1,statistical-seed-replication
s20260803-pos10-drop05,20260803,10.0,0.05,1,statistical-seed-replication
s20260803-pos10-drop10,20260803,10.0,0.10,1,statistical-seed-replication
s20260803-pos10-drop15,20260803,10.0,0.15,1,statistical-seed-replication
s20260803-pos10-drop20,20260803,10.0,0.20,1,statistical-seed-replication
s20260803-pos20-drop05,20260803,20.0,0.05,1,statistical-seed-replication
s20260803-pos20-drop10,20260803,20.0,0.10,2,statistical-seed-replication-and-determinism-audit
s20260803-pos20-drop15,20260803,20.0,0.15,1,statistical-seed-replication
s20260803-pos20-drop20,20260803,20.0,0.20,1,statistical-seed-replication
s20260804-neg20-drop05,20260804,-20.0,0.05,1,statistical-seed-replication
s20260804-neg20-drop10,20260804,-20.0,0.10,1,statistical-seed-replication
s20260804-neg20-drop15,20260804,-20.0,0.15,1,statistical-seed-replication
s20260804-neg20-drop20,20260804,-20.0,0.20,1,statistical-seed-replication
s20260804-neg10-drop05,20260804,-10.0,0.05,1,statistical-seed-replication
s20260804-neg10-drop10,20260804,-10.0,0.10,1,statistical-seed-replication
s20260804-neg10-drop15,20260804,-10.0,0.15,1,statistical-seed-replication
s20260804-neg10-drop20,20260804,-10.0,0.20,1,statistical-seed-replication
s20260804-zero-drop05,20260804,0.0,0.05,1,statistical-seed-replication
s20260804-zero-drop10,20260804,0.0,0.10,1,statistical-seed-replication
s20260804-zero-drop15,20260804,0.0,0.15,1,statistical-seed-replication
s20260804-zero-drop20,20260804,0.0,0.20,1,statistical-seed-replication
s20260804-pos10-drop05,20260804,10.0,0.05,1,statistical-seed-replication
s20260804-pos10-drop10,20260804,10.0,0.10,1,statistical-seed-replication
s20260804-pos10-drop15,20260804,10.0,0.15,1,statistical-seed-replication
s20260804-pos10-drop20,20260804,10.0,0.20,1,statistical-seed-replication
s20260804-pos20-drop05,20260804,20.0,0.05,1,statistical-seed-replication
s20260804-pos20-drop10,20260804,20.0,0.10,2,statistical-seed-replication-and-determinism-audit
s20260804-pos20-drop15,20260804,20.0,0.15,1,statistical-seed-replication
s20260804-pos20-drop20,20260804,20.0,0.20,1,statistical-seed-replication
s20260805-neg20-drop05,20260805,-20.0,0.05,1,statistical-seed-replication
s20260805-neg20-drop10,20260805,-20.0,0.10,1,statistical-seed-replication
s20260805-neg20-drop15,20260805,-20.0,0.15,1,statistical-seed-replication
s20260805-neg20-drop20,20260805,-20.0,0.20,1,statistical-seed-replication
s20260805-neg10-drop05,20260805,-10.0,0.05,1,statistical-seed-replication
s20260805-neg10-drop10,20260805,-10.0,0.10,1,statistical-seed-replication
s20260805-neg10-drop15,20260805,-10.0,0.15,1,statistical-seed-replication
s20260805-neg10-drop20,20260805,-10.0,0.20,1,statistical-seed-replication
s20260805-zero-drop05,20260805,0.0,0.05,1,statistical-seed-replication
s20260805-zero-drop10,20260805,0.0,0.10,1,statistical-seed-replication
s20260805-zero-drop15,20260805,0.0,0.15,1,statistical-seed-replication
s20260805-zero-drop20,20260805,0.0,0.20,1,statistical-seed-replication
s20260805-pos10-drop05,20260805,10.0,0.05,1,statistical-seed-replication
s20260805-pos10-drop10,20260805,10.0,0.10,1,statistical-seed-replication
s20260805-pos10-drop15,20260805,10.0,0.15,1,statistical-seed-replication
s20260805-pos10-drop20,20260805,10.0,0.20,1,statistical-seed-replication
s20260805-pos20-drop05,20260805,20.0,0.05,1,statistical-seed-replication
s20260805-pos20-drop10,20260805,20.0,0.10,2,statistical-seed-replication-and-determinism-audit
s20260805-pos20-drop15,20260805,20.0,0.15,1,statistical-seed-replication
s20260805-pos20-drop20,20260805,20.0,0.20,1,statistical-seed-replication
