seed,offset_ms,dropout_fraction,joint_physical_scenario_id,global_additive_interaction_m,global_interaction_ratio,local_additive_interaction_m,local_interaction_ratio,seed_supported,convergence_delay_s,final_residual_excess_ms,availability_shortfall
20260801,-20,0.05,s20260801-neg20-drop05,-0.0101326662693,0.821000289976,0.00515890990426,1.08790605477,False,0,-0.00526171511213,0
20260801,-20,0.1,s20260801-neg20-drop10,0.0386466199461,1.29985397978,0.105062943437,1.91237646543,True,0.299999713898,0.00720859934913,0
20260801,-20,0.15,s20260801-neg20-drop15,-0.0715716076517,0.320365789177,-0.159263411022,0.28748933486,False,0.899999141693,-0.00598444226421,0
20260801,-20,0.2,s20260801-neg20-drop20,-0.0116030038662,0.79439674558,-0.00206101763137,0.992788506784,False,0.799999237061,-0.000849814963128,0
20260801,-10,0.05,s20260801-neg10-drop05,0.00321938764088,1.14690336117,0.0218797214039,1.29207621395,False,0,0.00153790848192,0
20260801,-10,0.1,s20260801-neg10-drop10,0.0471227858644,2.13496242042,0.0869979047332,2.48758754345,True,0.199999809265,0.00507778180885,0
20260801,-10,0.15,s20260801-neg10-drop15,0.0131412020237,1.39741921534,0.0421893356655,1.69692380834,True,0.299999713898,-0.00125798019701,0
20260801,-10,0.2,s20260801-neg10-drop20,0.0180592276911,1.51881381835,0.0511854987963,1.8595882798,True,0.299999713898,-0.00111124791911,0
20260801,10,0.05,s20260801-pos10-drop05,-0.0207364875733,0.629918136614,-0.0364131600507,0.607767119471,False,0,0.00125392843466,0
20260801,10,0.1,s20260801-pos10-drop10,0.0281163054256,1.39792726918,0.0420460710699,1.41148827055,True,0.299999713898,0.000814895987733,0
20260801,10,0.15,s20260801-pos10-drop15,0.00238343424099,0.996509484743,0.0379458664498,1.13446830561,False,0.899999141693,-0.00924706660585,0
20260801,10,0.2,s20260801-pos10-drop20,0.00100087542435,1.00484042475,0.0011793857912,1.01545878436,False,0.799999237061,-0.00226074969763,0
20260801,20,0.05,s20260801-pos20-drop05,0.003305286128,0.975871168046,0.0231001180887,1.25971107282,False,0,-0.00341606243553,0
20260801,20,0.1,s20260801-pos20-drop10,0.0584452944213,1.45409990405,0.105645992027,1.82289404729,True,0,0.000833205421369,0
20260801,20,0.15,s20260801-pos20-drop15,-0.0278957968707,0.620106140155,-0.0614792193035,0.649787297774,False,1.09999895096,-0.0082693803732,0
20260801,20,0.2,s20260801-pos20-drop20,0.0230968854763,1.16656762709,0.0626332955556,1.49718023278,False,0.999999046326,-0.00423701902504,0
20260802,-20,0.05,s20260802-neg20-drop05,-0.0257713067603,0.647948685772,-0.0216537711929,0.826579818092,False,0,-0.0034581929943,0
20260802,-20,0.1,s20260802-neg20-drop10,-1.71650243702e-05,0.797791896055,0.0148009263985,0.966380971164,False,0,-0.00138886558166,0
20260802,-20,0.15,s20260802-neg20-drop15,0.00663213657733,0.85182271154,-0.000230980312679,0.906147375914,False,0,-0.0010284776256,0
20260802,-20,0.2,s20260802-neg20-drop20,0.0160721304046,0.9357151005,0.0600282549535,1.20381028975,False,0,0.00188044984523,0
20260802,-10,0.05,s20260802-neg10-drop05,0.0195408975423,1.47360102012,0.0560171577664,1.8025578728,True,0,-0.00100739368038,0
20260802,-10,0.1,s20260802-neg10-drop10,0.0169620952232,1.44319529913,0.0416139233755,1.69234337166,True,0,-0.00102286633235,0
20260802,-10,0.15,s20260802-neg10-drop15,0.0151406851955,1.42348237371,0.0407257980472,1.68564260093,True,0,-0.000996901513308,0
20260802,-10,0.2,s20260802-neg10-drop20,0.0163623485856,1.44433078301,0.0431591417136,1.70669923784,True,0,-0.00103970898542,0
20260802,10,0.05,s20260802-pos10-drop05,-0.0205182959682,0.799479806077,-0.0496089170623,0.755624754307,False,0,-0.00246476103939,0
20260802,10,0.1,s20260802-pos10-drop10,-0.0504795577061,0.548590080844,-0.0918624136656,0.568148968937,False,0,-0.00142717239583,0
20260802,10,0.15,s20260802-pos10-drop15,0.0202214627225,1.15269323071,0.0598006475682,1.21576333578,False,0,0.00492033852729,0
20260802,10,0.2,s20260802-pos10-drop20,0.0901345330168,1.86621790176,0.194957248542,1.99015958268,True,0,-0.00462459548894,0
20260802,20,0.05,s20260802-pos20-drop05,-0.0178990479039,0.674403053878,-0.0237668465077,0.779345683346,False,0,-0.00770518409791,0
20260802,20,0.1,s20260802-pos20-drop10,-0.0319174292169,0.598544915725,-0.0723403797237,0.614501703697,False,0,0.00211972368089,0
20260802,20,0.15,s20260802-pos20-drop15,0.0294735001194,0.961429210747,0.0354085445319,0.974608343771,False,0,-0.00799332845272,0
20260802,20,0.2,s20260802-pos20-drop20,0.122682954782,1.6022028289,0.232687770407,1.84483822257,True,0,-0.0068915703009,0
20260803,-20,0.05,s20260803-neg20-drop05,-0.0205932555654,0.706501191127,-0.0078186933218,1.0242217395,False,0,-0.00314308107545,0
20260803,-20,0.1,s20260803-neg20-drop10,-0.00116983852064,0.83057274611,-0.0314108766931,0.784941765288,False,0,-0.00140682175071,0
20260803,-20,0.15,s20260803-neg20-drop15,-0.0149877116772,0.740751586453,-0.0412456052499,0.708950658306,False,0,-0.00122289832056,0
20260803,-20,0.2,s20260803-neg20-drop20,0.00891424039759,1.10459479194,0.0217095548204,1.2531992846,False,0,-0.00198293507217,0
20260803,-10,0.05,s20260803-neg10-drop05,0.0167346990789,1.53947784617,0.0529749655702,2.03125648187,True,0,-0.000999851288197,0
20260803,-10,0.1,s20260803-neg10-drop10,0.0154195070102,1.43431699648,0.0404761738719,1.68236381748,True,0,-0.0009957193664,0
20260803,-10,0.15,s20260803-neg10-drop15,0.012008487166,1.37644840042,0.0406061046553,1.67945310079,True,0,-0.00104559381881,0
20260803,-10,0.2,s20260803-neg10-drop20,0.0154680957806,1.46972203707,0.0462978895974,1.78539514303,True,0,-0.00135440747604,0
20260803,10,0.05,s20260803-pos10-drop05,0.00481987024791,1.13408436618,0.0387664364615,1.69777574214,False,0,-0.00033352845251,0
20260803,10,0.1,s20260803-pos10-drop10,-0.0362173177166,0.580154208088,-0.112951792485,0.428752394678,False,0,-0.000125537935889,0
20260803,10,0.15,s20260803-pos10-drop15,0.00755700396617,1.08519338311,-0.0265308656459,0.804785223141,False,0,-0.00572454022179,0
20260803,10,0.2,s20260803-pos10-drop20,0.0440847638797,1.86536706711,0.0590541039117,1.6756394907,True,0,-0.0087317640316,0
20260803,20,0.05,s20260803-pos20-drop05,-0.00414867826116,1.01322229231,0.0160811091972,1.42474369203,False,0,-0.0056532389916,0
20260803,20,0.1,s20260803-pos20-drop10,-0.0244602105912,0.644518706223,-0.0853969849667,0.552342478855,False,0,-0.00642017598945,0
20260803,20,0.15,s20260803-pos20-drop15,0.0122254736424,0.980485193621,-0.00570297537584,0.899269155494,False,0,-0.00567505079365,0
20260803,20,0.2,s20260803-pos20-drop20,0.0606917846962,1.76505230696,0.105749854902,1.99178960809,True,0,-0.00954022056318,0
20260804,-20,0.05,s20260804-neg20-drop05,-0.0339631430986,0.555274981458,-0.0368282295168,0.720092662739,False,0,0.00712241186592,0
20260804,-20,0.1,s20260804-neg20-drop10,-0.0362018088561,0.550170245924,-0.0405635641433,0.685512161522,False,0,-0.000854824251754,0
20260804,-20,0.15,s20260804-neg20-drop15,0.0140002151739,0.832532812961,0.0213199591797,0.946939931716,False,2.19999790192,-0.00155368303692,0
20260804,-20,0.2,s20260804-neg20-drop20,-0.00434485169191,0.960603766189,0.0112521647924,1.12185569873,False,1.99999809265,-0.000808326720523,0
20260804,-10,0.05,s20260804-neg10-drop05,0.00100240502139,1.1475378929,0.0214175740521,1.40671908074,False,0,0.00158705842424,0
20260804,-10,0.1,s20260804-neg10-drop10,0.0133214796189,1.40179011148,0.0501485045531,1.81942742469,True,0.799999237061,0.00168882170114,0
20260804,-10,0.15,s20260804-neg10-drop15,0.0204744248207,1.46566841828,0.0447433259381,1.71050042909,True,1.89999818802,-0.000915688736952,0
20260804,-10,0.2,s20260804-neg10-drop20,0.0102518562967,1.30741375055,0.0418145052147,1.69442179031,True,1.89999818802,-0.00110880272954,0
20260804,10,0.05,s20260804-pos10-drop05,-0.0035675937068,0.932433834995,-0.0137252931133,0.883391490025,False,0,-0.0017058628445,0
20260804,10,0.1,s20260804-pos10-drop10,-0.00214085499741,0.951804126682,0.000354760344891,0.996799095157,False,0.899999141693,0.00104435076044,0
20260804,10,0.15,s20260804-pos10-drop15,0.00680048410477,1.00750173596,-0.00345243157445,0.946862377916,False,1.69999837875,-0.00195580654296,0
20260804,10,0.2,s20260804-pos10-drop20,-0.00469185476514,0.898242929894,-0.00739099190839,0.93179512026,False,1.99999809265,-0.00182196051334,0
20260804,20,0.05,s20260804-pos20-drop05,-0.00626539918013,0.819877494465,-0.015350108495,0.866104568638,False,0,0.000112740823532,0
20260804,20,0.1,s20260804-pos20-drop10,-0.040588345615,0.517191206682,-0.0408537703064,0.707671317646,False,0.299999713898,-0.000541108821627,0
20260804,20,0.15,s20260804-pos20-drop15,0.0120953046025,0.791756184087,0.0128683171112,0.859631326275,False,0.299999713898,-0.00367029439322,0
20260804,20,0.2,s20260804-pos20-drop20,0.041667490282,1.65512858504,0.0605556600211,1.51911088319,True,0.299999713898,-0.000156784465732,0
20260805,-20,0.05,s20260805-neg20-drop05,0.0120250594634,1.05716571554,0.0608889080914,1.50606390962,False,0,-0.00150334670031,0
20260805,-20,0.1,s20260805-neg20-drop10,-0.0071732761135,0.797342659154,-0.00685023980435,0.895211681476,False,0,-0.00137819586853,0
20260805,-20,0.15,s20260805-neg20-drop15,0.018277334897,0.903368530953,0.0038693677653,0.912190840705,False,0,-0.000598738488292,0
20260805,-20,0.2,s20260805-neg20-drop20,0.0250923175451,1.20758182199,0.0766626980051,1.58723673953,False,0.999999046326,-0.000584881225763,0
20260805,-10,0.05,s20260805-neg10-drop05,-0.00288846016027,1.02292320065,0.00605533211829,1.09049102802,False,0,-0.000419189264321,0
20260805,-10,0.1,s20260805-neg10-drop10,0.0134272078373,1.40347016243,0.0445940480241,1.72053633794,True,0,-0.00128838527706,0
20260805,-10,0.15,s20260805-neg10-drop15,0.0208434580177,1.49019811322,0.0422161276119,1.6966138629,True,0,-0.00101642523875,0
20260805,-10,0.2,s20260805-neg10-drop20,0.0249628694948,1.68079224512,0.0690670806837,2.1264808909,True,0.899999141693,-0.00137517081779,0
20260805,10,0.05,s20260805-pos10-drop05,0.00855488188834,1.12464125991,0.0166330317514,1.15627026683,False,0,-0.00173621619208,0
20260805,10,0.1,s20260805-pos10-drop10,-0.00118343277213,0.963218072005,-0.0027830249017,0.957971911936,False,0.199999809265,-0.00208123798943,0
20260805,10,0.15,s20260805-pos10-drop15,0.00779580167092,1.03233776472,-0.00533966640564,0.941975831174,False,0.199999809265,-0.00141932490299,0
20260805,10,0.2,s20260805-pos10-drop20,0.016793890629,1.25867254394,0.0329550170516,1.28584341618,True,0.999999046326,-0.00153996866402,0
20260805,20,0.05,s20260805-pos20-drop05,-0.0181827058187,0.72102093036,-0.0177913561412,0.873579663299,False,0,-0.00291974613863,0
20260805,20,0.1,s20260805-pos20-drop10,-0.0372268118549,0.54587742858,-0.0758513330411,0.573050570083,False,0.299999713898,-0.000622618504547,0
20260805,20,0.15,s20260805-pos20-drop15,0.0161616019026,0.860117783236,-0.00669146474792,0.825760558815,False,0.299999713898,-0.00248482686648,0
20260805,20,0.2,s20260805-pos20-drop20,0.0425755458948,1.3656791129,0.101410256235,1.68874180344,True,0.999999046326,-0.00232986841454,0
